{"cameraMode":{"drawMode":0,"name":"Shaded","section":"Shading Mode"},"sceneLighting":false,"audioPlay":false,"sceneViewState":{"m_AlwaysRefresh":false,"showFog":true,"showSkybox":false,"showFlares":true,"showImageEffects":true,"showParticleSystems":true,"showVisualEffectGraphs":true,"m_FxEnabled":true},"in2DMode":false,"pivot":{"x":-0.4495350420475006,"y":0.025085479021072389,"z":5.862533092498779},"rotation":{"x":0.13203972578048707,"y":-0.16863352060317994,"z":0.0228014774620533,"w":0.9765297770500183},"size":0.7316756248474121,"orthographic":true}